Data, Scientist, Machine, Learning, Big, Data, Cybersecurity
Senior, Analyst, Insights, Analytics
Data, Scientist
Senior, Software, Development, Engineer
Senior, Delivery, Manager, Big, Data
Senior, Software, Development, Engineer, Client, Security
Full-Stack, Web, Developer, for, our, Toronto, Office
Digital, Specialist, Initiatives, and, Analytics
Software, Development, Engineer, Pick, Progress
Big, Data, Engineer
Software, Development, Engineer, Prescheduling, Optimization
Associate, Claims, Adjudicators
Program, Manager
Water, Treatment, Service, Technician
Data, Architect
Business, Analyst
In-Home, Tutor:, SCIENCE, or, MATH, or, FRENCH
Team, Lead, Software, Developer
Instructor,Therapist
Pre-sales,Specialist
Systems,Administrator
Sr., Technical, Architect
Senior, Architect, Big, Data
IT, Service, Delivery, Manager
Technical, Support
Sr, Consultant, Onsite, Canada
Desktop, Support, Technician
MarkitEDM, Developer
Financial, Data, Analyst
Senior, GUI, Developer
Mobile, Developer
Consultant, Inv., Mgmt., Software, Services
Business, Project, Lead
Data, Scientist, Machine, Learning, Big, Data, Cybersecurity
Senior, Analyst, Insights, Analytics
Data, Scientist
Senior, Software, Development, Engineer
Senior, Delivery, Manager, Big, Data
Senior, Software, Development, Engineer, Client, Security
Full-Stack, Web, Developer, for, our, Toronto, Office
Digital, Specialist, Initiatives, and, Analytics
Software, Development, Engineer, Pick, Progress
Big, Data, Engineer
Software, Development, Engineer, Prescheduling, Optimization
Associate, Claims, Adjudicators
Program, Manager
Water, Treatment, Service, Technician
Data, Architect
IT, Delivery, Manager
Business, Analyst
In-Home, Tutor:, SCIENCE, or, MATH, or, FRENCH
Instructor,Therapist
Pre-sales,Specialist
Systems,Administrator
Research, Development, Scientist
Sr., Technical, Architect
Senior, Architect, Big, Data
Technical, Support
Sr, Consultant, Onsite, Canada
Desktop, Support, Technician
MarkitEDM, Developer
Financial, Data, Analyst
Senior, GUI, Developer
